{
  "MAE": 0.8485880329251252,
  "RMSE": 1.027409007673487,
  "horizon_weeks": 8
}